baseline,train_size,n,vanilla_correlation_matrix_difference,causaldifftab_correlation_matrix_difference,vanilla_better_correlation_matrix_difference,causaldifftab_better_correlation_matrix_difference,vanilla_k_marginal_tvd,causaldifftab_k_marginal_tvd,vanilla_better_k_marginal_tvd,causaldifftab_better_k_marginal_tvd,vanilla_nnaa,causaldifftab_nnaa,vanilla_better_nnaa,causaldifftab_better_nnaa,vanilla_nnaa_abs_dist_0p5,causaldifftab_nnaa_abs_dist_0p5
vanilla_original,20,100,0.4713171945798596,1.0484594744031535,86,14,0.27737500000000004,0.524375,100,0,0.5555,0.96625,100,0,0.055499999999999994,0.46625
vanilla_original,50,100,0.2852157133010188,0.3133218090018478,57,43,0.24404166666666666,0.343125,100,0,0.523,0.73725,100,0,0.02300000000000002,0.23724999999999996
vanilla_original,100,100,0.19582578862665045,0.23068980346078172,56,44,0.22549999999999995,0.2852916666666666,100,0,0.512875,0.6355,100,0,0.01287499999999997,0.1355
vanilla_original,200,100,0.1541546026331061,0.1945035326787968,57,43,0.22087499999999993,0.2653333333333333,100,0,0.51125,0.596375,100,0,0.011499999999999955,0.09637499999999999
vanilla_original,500,100,0.12007182222975349,0.20723325608402104,66,34,0.21433333333333326,0.2308333333333333,88,12,0.507125,0.558375,100,0,0.007249999999999979,0.058374999999999955
