dataset,train_size,effect,ci_lower,ci_upper,p_value,p_holm,is_significant,metric
custom_scm_noise1e-2,20,0.7153639766186317,0.5066138451516311,0.9480016231536864,4.944734111085703e-14,1.9778936444342813e-13,True,ate_difference
custom_scm_noise1e-2,50,0.7497344558655898,0.5958975499093215,0.927619809430806,1.0104199612316772e-16,5.052099806158385e-16,True,ate_difference
custom_scm_noise1e-2,100,0.4478478377282303,0.2997844219207763,0.6137897913872878,1.4494881762402344e-11,5.7979527049609377e-11,True,ate_difference
custom_scm_noise1e-2,200,0.0227103233337402,-0.0552501678466797,0.1055390834808349,0.5224792307772006,0.6346210157258283,False,ate_difference
custom_scm_noise1e-2,500,0.0551555156707763,-0.0089933872222899,0.1216777508675734,0.041457350458652,0.1243720513759562,False,ate_difference
custom_scm_noise1e-2,1000,0.0120328664779662,-0.049710398393901,0.073415165621074,0.6084337865773708,1.0,False,ate_difference
