dataset,train_size,effect,ci_lower,ci_upper,p_value,p_holm,is_significant,metric
custom_scm_noise0p2,20,0.0041272886544561,0.0009805581995812,0.0435492312277891,5.441442122017713e-05,0.0001088288424403,True,correlation_matrix_difference
custom_scm_noise0p2,50,0.0918502490071155,0.0601656693771964,0.1242950741407923,2.9102612384723426e-13,8.730783715417029e-13,True,correlation_matrix_difference
custom_scm_noise0p2,100,0.0681364403731179,0.0443447069315678,0.0899984104825242,3.1286748504222167e-10,9.38602455126665e-10,True,correlation_matrix_difference
custom_scm_noise0p2,200,0.0532620366170024,0.0347135374006816,0.0728630204127167,3.750144261300761e-11,1.5000577045203043e-10,True,correlation_matrix_difference
custom_scm_noise0p2,500,0.0318783819486841,0.0188790491345807,0.0438095132411815,4.0750873952810794e-08,2.0375436976405395e-07,True,correlation_matrix_difference
