dataset,train_size,effect,ci_lower,ci_upper,p_value,p_holm,is_significant,metric
custom_scm_noise0p2,20,0.0,0.0,0.0007499999999999,0.0600073139796657,0.1200146279593314,False,nnaa
custom_scm_noise0p2,50,0.002375,5.551115123125783e-17,0.00525,0.0200114329893526,0.0600342989680578,False,nnaa
custom_scm_noise0p2,100,0.000875,-0.001375,0.00325,0.2579302557044999,0.6964145432413205,False,nnaa
custom_scm_noise0p2,200,0.001625,-0.0006249999999999,0.004,0.0574658990012387,0.1890214310707167,False,nnaa
custom_scm_noise0p2,500,0.001125,-0.0008749999999999,0.003,0.1172910191356514,0.6499215858422605,False,nnaa
