dataset,train_size,effect,ci_lower,ci_upper,p_value,p_holm,is_significant,metric
custom_scm_noise0p2,20,0.0,4.166666666663432e-05,0.0023749999999999,0.0012788014527966,0.0025576029055933,False,k_marginal_tvd
custom_scm_noise0p2,50,0.0032916666666666,0.0017083333333333,0.0050833333333333,1.8190470516844878e-07,9.095235258422438e-07,True,k_marginal_tvd
custom_scm_noise0p2,100,0.003375,0.00175,0.0050416666666666,8.050987901809637e-07,4.0254939509048185e-06,True,k_marginal_tvd
custom_scm_noise0p2,200,0.0028333333333332,0.0015833333333333,0.0039166666666666,1.0424784366512977e-07,6.254870619907785e-07,True,k_marginal_tvd
custom_scm_noise0p2,500,0.0029583333333333,0.0018749999999999,0.0040833333333333,1.8919727035193244e-09,1.1351836221115946e-08,True,k_marginal_tvd
