dataset,train_size,effect,ci_lower,ci_upper,p_value,p_holm,is_significant,metric
custom_scm_noise1e-2,20,0.0138749999999999,0.009375,0.0182499999999999,2.0176065521096484e-11,1.210563931265789e-10,True,nnaa
custom_scm_noise1e-2,50,0.003875,0.000875,0.006875,0.0012365151584375,0.0049460606337503,True,nnaa
custom_scm_noise1e-2,100,0.0016249999999999,-0.0015,0.004625,0.1606628067329412,0.4925417752438348,False,nnaa
custom_scm_noise1e-2,200,0.0007500000000001,-0.0014999999999999,0.0031249999999999,0.393816520581744,1.0,False,nnaa
custom_scm_noise1e-2,500,-0.0002499999999999,-0.0025000000000001,0.002125,0.7938458738008608,1.0,False,nnaa
