algorithm,column_order,actual_column_order,graph_structure,graph_nodes,graph_edges,undirected_edges,train_size,seed,repetition,categorical_cols,correlation_matrix_difference,k_marginal_tvd,nnaa,nnaa_raw,nnaa_distance_0p5
dag_discovered,topological,"x1_0,x3_0,x0_0,x2_0","{0: [], 1: [], 2: [0], 3: [1]}",4,2,0,20,27,28,,1.8544790818368668,0.3645,0.66275,0.66275,0.1627499999999999
dag_discovered,topological,"x1_0,x3_0,x2_0,x0_0","{0: [], 1: [], 2: [1], 3: [0, 2]}",4,3,0,20,85,86,,1.6155993924719096,0.358,0.6625000000000001,0.6625000000000001,0.1625000000000001
dag_discovered,topological,"x1_0,x3_0,x0_0,x2_0","{0: [], 1: [], 2: [0], 3: [2, 1]}",4,3,0,50,209,85,,1.5120679504248442,0.3489166666666667,0.6735,0.6735,0.1735
dag_discovered,topological,"x1_0,x3_0,x0_0,x2_0","{0: [], 1: [], 2: [0], 3: [1]}",4,2,0,200,411,37,,1.7544191571778427,0.3100833333333334,0.62975,0.62975,0.12975
dag_discovered,topological,"x1_0,x3_0,x0_0,x2_0","{0: [], 1: [], 2: [0], 3: [1]}",4,2,0,200,445,71,,1.7445985447693386,0.3183333333333333,0.6372500000000001,0.6372500000000001,0.1372500000000001
dag_discovered,topological,"x1_0,x3_0,x0_0,x2_0","{0: [], 1: [], 2: [0], 3: [1]}",4,2,0,200,474,100,,1.974051149347774,0.3269166666666667,0.6575,0.6575,0.1574999999999999
