dataset,train_size,effect,ci_lower,ci_upper,p_value,p_holm,is_significant,metric
custom_scm_noise1e-2,20,0.013875,0.009375,0.0182499999999999,1.9933136530745535e-11,1.1959881918447322e-10,True,nnaa
custom_scm_noise1e-2,50,0.004,0.0009999999999998,0.0071249999999999,0.0011997166552365,0.0047988666209463,True,nnaa
custom_scm_noise1e-2,100,0.00175,-0.0016249999999999,0.0051249999999999,0.1717010577675036,0.4701702977177116,False,nnaa
custom_scm_noise1e-2,200,0.0005,-0.0018749999999999,0.0029999999999999,0.5952508249420831,0.7046437500633926,False,nnaa
custom_scm_noise1e-2,500,0.000125,-0.0025,0.003,0.8906059007945305,1.0,False,nnaa
