dataset,train_size,effect,ci_lower,ci_upper,p_value,p_holm,is_significant,metric
custom_scm_noise1e-2,20,0.2716450667931392,0.1995229376521292,0.3280666734454598,2.8782421504419467e-17,1.726945290265168e-16,True,correlation_matrix_difference
custom_scm_noise1e-2,50,0.1200328397208642,0.0888177818064405,0.152786115996205,8.820960641579043e-16,5.292576384947426e-15,True,correlation_matrix_difference
custom_scm_noise1e-2,100,0.0864543666212254,0.061117836329681,0.1100557769132113,1.5185669321220038e-13,9.111401592732023e-13,True,correlation_matrix_difference
custom_scm_noise1e-2,200,0.0719985062185537,0.0528076842909893,0.0907958082666425,2.1729294370652983e-14,1.3037576622391792e-13,True,correlation_matrix_difference
custom_scm_noise1e-2,500,0.0420248427380393,0.0275910725427695,0.0563385654010762,8.579921301659199e-12,5.147952780995519e-11,True,correlation_matrix_difference
