dataset,train_size,effect,ci_lower,ci_upper,p_value,p_holm,is_significant,metric
custom_scm_noise1e-2,20,-1.222206709048136,-1.5743569081246536,-0.8897945880889893,6.747817107930334e-12,2.0243451323791e-11,True,ate_difference
custom_scm_noise1e-2,50,-0.6867525902778069,-0.9109537601470948,-0.4772990400374253,9.521106397643388e-11,2.8563319192930155e-10,True,ate_difference
custom_scm_noise1e-2,100,-0.2268420512259323,-0.3690528924048264,-0.091848611831665,0.0003268305189816,0.0006536610379632,True,ate_difference
custom_scm_noise1e-2,200,-0.1884028911590576,-0.2941527366638183,-0.0826077461242675,4.347927921668688e-05,0.00013043783765,True,ate_difference
custom_scm_noise1e-2,500,-0.0147961946934302,-0.0857067108154297,0.0482597351074218,0.5775215365287132,0.5775215365287132,False,ate_difference
custom_scm_noise1e-2,1000,0.0203396650761207,-0.0291515534341018,0.070864200592041,0.2712171344436851,0.8136514033310553,False,ate_difference
