dataset,train_size,effect,ci_lower,ci_upper,p_value,p_holm,is_significant,metric
custom_scm_noise1e-2,20,0.0095,0.005125,0.0142499999999999,2.0157518557588685e-06,8.063007423035474e-06,True,nnaa
custom_scm_noise1e-2,50,0.0051249999999999,0.00125,0.0083750000000001,0.0006515734210159,0.0032578671050795,True,nnaa
custom_scm_noise1e-2,100,0.002375,-0.0017499999999999,0.0065,0.0940340595435423,0.4701702977177116,False,nnaa
custom_scm_noise1e-2,200,0.0024999999999999,-0.0006249999999999,0.0056249999999999,0.0464952338372278,0.2324761691861393,False,nnaa
custom_scm_noise1e-2,500,0.001,-0.002125,0.0042499999999999,0.455585393053996,1.0,False,nnaa
