dataset,train_size,effect,ci_lower,ci_upper,p_value,p_holm,is_significant,metric
custom_scm_noise1e-2,20,0.346922976205163,0.2524491895130042,0.4461500675851442,1.0706319350413216e-16,4.2825277401652864e-16,True,correlation_matrix_difference
custom_scm_noise1e-2,50,0.1556918695177914,0.1014279372804594,0.2017178797165214,1.6186995407842902e-14,8.093497703921452e-14,True,correlation_matrix_difference
custom_scm_noise1e-2,100,0.1139959378062752,0.0773140909496148,0.1621277057909995,2.814170653070426e-13,1.407085326535213e-12,True,correlation_matrix_difference
custom_scm_noise1e-2,200,0.0826769147956787,0.049454457148743,0.1208434371730369,1.9613216304159296e-10,9.80660815207965e-10,True,correlation_matrix_difference
custom_scm_noise1e-2,500,0.0434060958032178,0.0251872590636022,0.0630100694421877,7.789675866010679e-09,3.894837933005339e-08,True,correlation_matrix_difference
