dataset,train_size,effect,ci_lower,ci_upper,p_value,p_holm,is_significant,metric
custom_scm_noise0p2,20,-0.000625,-0.004,0.0026249999999999,0.6339221967139279,0.6339221967139279,False,nnaa
custom_scm_noise0p2,50,0.00125,-0.0017499999999999,0.0043749999999999,0.2966985888346645,0.593397177669329,False,nnaa
custom_scm_noise0p2,100,0.000875,-0.0021249999999999,0.00425,0.4320642460918645,1.0,False,nnaa
custom_scm_noise0p2,200,-0.0005,-0.0034999999999999,0.0026249999999999,0.662336531093003,1.0,False,nnaa
custom_scm_noise0p2,500,-0.0008749999999999,-0.0033749999999999,0.0016250000000001,0.368580279015729,0.9941374556982218,False,nnaa
