dataset,train_size,effect,ci_lower,ci_upper,p_value,p_holm,is_significant,metric
custom_scm_noise0p2,20,0.006125,0.0021249999999999,0.0099999999999999,0.0001620049956638,0.0006480199826555,True,nnaa
custom_scm_noise0p2,50,0.0047499999999999,0.0013749999999999,0.0078749999999999,0.0004030428550111,0.0020152142750559,True,nnaa
custom_scm_noise0p2,100,0.002,-0.0012499999999999,0.0053749999999999,0.1185195195687718,0.4740780782750874,False,nnaa
custom_scm_noise0p2,200,0.0023749999999999,-0.0006249999999998,0.005125,0.0300380875216364,0.1802285251298187,False,nnaa
custom_scm_noise0p2,500,0.000875,-0.0016250000000001,0.003375,0.3313791518994072,0.9941374556982218,False,nnaa
