dataset,train_size,effect,ci_lower,ci_upper,p_value,p_holm,is_significant,metric
custom_scm_noise1e-2,20,1.1423070376336255,0.8287138938903809,1.507339466655191,2.9260416298520113e-16,1.7556249779112068e-15,True,ate_difference
custom_scm_noise1e-2,50,0.9124940606564124,0.7010329907357377,1.1555765812813918,1.960659347540536e-17,1.1763956085243215e-16,True,ate_difference
custom_scm_noise1e-2,100,0.5656395472913505,0.3872384916185698,0.7849299907684326,6.118237096853961e-16,3.6709422581123766e-15,True,ate_difference
custom_scm_noise1e-2,200,0.2363537549972534,0.1433663368225098,0.3357311432778518,1.3754339280391944e-09,8.252603568235168e-09,True,ate_difference
custom_scm_noise1e-2,500,0.1402209373920997,0.076503038406372,0.2041742801666261,1.795258858932317e-07,8.976294294661586e-07,True,ate_difference
custom_scm_noise1e-2,1000,0.0489997294932763,-0.0019513314187209,0.1035170555114745,0.0116116930259832,0.0696701581558996,False,ate_difference
