dataset,train_size,effect,ci_lower,ci_upper,p_value,p_holm,is_significant,metric
custom_scm_noise1e-2,20,0.0012916666666666,-0.0038749999999999,0.0067916666666666,0.6096365189473874,0.6096365189473874,False,k_marginal_tvd
custom_scm_noise1e-2,50,-4.16666666666482e-05,-0.003125,0.0029583333333332,0.9698297877156288,0.9698297877156288,False,k_marginal_tvd
custom_scm_noise1e-2,100,-8.333333333335191e-05,-0.0024166666666667,0.0022083333333332,0.9164792160710148,0.9164792160710148,False,k_marginal_tvd
custom_scm_noise1e-2,200,0.0005416666666666,-0.0015,0.0026249999999999,0.5611819722255242,0.5611819722255242,False,k_marginal_tvd
custom_scm_noise1e-2,500,-0.0012916666666666,-0.0031666666666667,0.0006249999999999,0.1247272944524252,0.2494545889048505,False,k_marginal_tvd
