dataset,train_size,effect,ci_lower,ci_upper,p_value,p_holm,is_significant,metric
custom_scm_noise1e-2,20,0.0074999999999999,0.0035,0.0117499999999999,2.4735236159299645e-05,7.420570847789893e-05,True,nnaa
custom_scm_noise1e-2,50,0.0028749999999999,-0.0002499999999999,0.0061249999999999,0.041276898368546,0.0825537967370921,False,nnaa
custom_scm_noise1e-2,100,0.002,-0.0015,0.00575,0.1472592106268836,0.4701702977177116,False,nnaa
custom_scm_noise1e-2,200,0.0011249999999999,-0.0021249999999999,0.0043749999999999,0.3523218750316963,0.7046437500633926,False,nnaa
custom_scm_noise1e-2,500,-0.00025,-0.0034999999999999,0.0029999999999999,0.7965007827629699,1.0,False,nnaa
