dataset,train_size,effect,ci_lower,ci_upper,p_value,p_holm,is_significant,metric
custom_scm_noise1e-2,20,-0.0213779246371955,-0.0725077433996303,0.0293812578379831,0.3461409289190746,0.3461409289190746,False,correlation_matrix_difference
custom_scm_noise1e-2,50,-0.0228569771213374,-0.0446958857301383,-0.0017180504467939,0.0344666316769785,0.0344666316769785,True,correlation_matrix_difference
custom_scm_noise1e-2,100,-0.0009587181143863,-0.0210123164362014,0.020489609677227,0.9151157833041156,0.9151157833041156,False,correlation_matrix_difference
custom_scm_noise1e-2,200,-0.0095933195852734,-0.0255139424771529,0.0062007044889443,0.1766116278456737,0.1766116278456737,False,correlation_matrix_difference
custom_scm_noise1e-2,500,-0.0117781407810922,-0.0260847686565092,0.0010507857268506,0.0407757290154926,0.0815514580309853,False,correlation_matrix_difference
