dataset,train_size,effect,ci_lower,ci_upper,p_value,p_holm,is_significant,metric
custom_scm_noise0p2,20,-0.000625,-0.0039999999999999,0.0026249999999999,0.6265857242668974,0.6265857242668974,False,nnaa
custom_scm_noise0p2,50,0.00125,-0.0017499999999999,0.00425,0.2998838428742245,0.5997676857484491,False,nnaa
custom_scm_noise0p2,100,0.001,-0.0022499999999999,0.0044999999999998,0.4072998510287736,0.6964145432413205,False,nnaa
custom_scm_noise0p2,200,0.0005,-0.0031249999999999,0.0041249999999999,0.7582745827801043,1.0,False,nnaa
custom_scm_noise0p2,500,-0.000375,-0.0036250000000001,0.003,0.7348472249584129,1.0,False,nnaa
