dataset,train_size,effect,ci_lower,ci_upper,p_value,p_holm,is_significant,metric
custom_scm_noise0p2,20,-0.0187515732437345,-0.0561126700584328,0.0206269753219364,0.313728575022711,0.313728575022711,False,correlation_matrix_difference
custom_scm_noise0p2,50,-0.006243521829151,-0.0243662240174636,0.0108914924559239,0.4330764532843558,0.4330764532843558,False,correlation_matrix_difference
custom_scm_noise0p2,100,0.0001782398066961,-0.0137412359150736,0.0147249546724326,0.9753134632163344,0.9753134632163344,False,correlation_matrix_difference
custom_scm_noise0p2,200,0.0006075298012485,-0.0155059791629249,0.0148735246713142,0.9314997084840356,0.9314997084840356,False,correlation_matrix_difference
custom_scm_noise0p2,500,-0.0116836906369585,-0.027050004581623,0.0043296671424947,0.1009883366808758,0.1840623690656708,False,correlation_matrix_difference
