dataset,train_size,effect,ci_lower,ci_upper,p_value,p_holm,is_significant,metric
simglucose,20,31.289304025955342,13.586593627929688,51.67420196533203,0.0007435485144769,0.0007435485144769,True,ate_difference
simglucose,50,14.945569284744412,-8.091221841126071,43.174700276031786,0.1833102218003396,0.1833102218003396,False,ate_difference
simglucose,100,23.232968791351027,3.6924185594174337,44.12289145782528,0.0208574862603717,0.0208574862603717,True,ate_difference
simglucose,200,34.44551347892747,25.33526611328125,44.321044921875,2.6806833296131677e-10,2.6806833296131677e-10,True,ate_difference
simglucose,500,24.29961416725115,17.10759975112944,32.10468575164737,5.311468043336473e-10,5.311468043336473e-10,True,ate_difference
simglucose,1000,9.060518972091526,0.81170654296875,16.37322998046875,0.0344666316769785,0.0344666316769785,True,ate_difference
