dataset,train_size,effect,ci_lower,ci_upper,p_value,p_holm,is_significant,metric
custom_scm_noise0p2,20,0.0121666666666666,0.0069166666666666,0.0178333333333333,5.2922462008897655e-08,2.646123100444883e-07,True,k_marginal_tvd
custom_scm_noise0p2,50,0.0051666666666666,0.0027083333333333,0.008,1.193764604145676e-06,3.581293812437028e-06,True,k_marginal_tvd
custom_scm_noise0p2,100,0.0032499999999999,0.0010416666666666,0.0056249999999999,0.0003333318488607,0.0013333273954431,True,k_marginal_tvd
custom_scm_noise0p2,200,0.0028124999999999,0.000875,0.0048749999999999,0.0001962897165953,0.0007851588663814,True,k_marginal_tvd
custom_scm_noise0p2,500,0.0029166666666666,0.0010416666666666,0.004875,0.0002503887784693,0.0010015551138772,True,k_marginal_tvd
