dataset,train_size,effect,ci_lower,ci_upper,p_value,p_holm,is_significant,metric
custom_scm_noise1e-2,20,0.0074999999999999,0.0034999999999999,0.01175,2.3995997099106233e-05,7.19879912973187e-05,True,nnaa
custom_scm_noise1e-2,50,0.0027499999999999,-0.00025,0.0058749999999998,0.0453753343081882,0.0907506686163764,False,nnaa
custom_scm_noise1e-2,100,0.0019999999999999,-0.00125,0.00525,0.1197432092154869,0.4925417752438348,False,nnaa
custom_scm_noise1e-2,200,0.0007499999999999,-0.002,0.00325,0.5102534483724386,1.0,False,nnaa
custom_scm_noise1e-2,500,-0.0001249999999999,-0.002875,0.002625,0.939702475171424,1.0,False,nnaa
