dataset,train_size,effect,ci_lower,ci_upper,p_value,p_holm,is_significant,metric
custom_scm_noise0p2,20,0.01025,0.005125,0.015375,8.642565716844275e-07,5.185539430106565e-06,True,nnaa
custom_scm_noise0p2,50,0.00575,0.0027499999999999,0.0087499999999999,2.5553037930074382e-06,1.533182275804463e-05,True,nnaa
custom_scm_noise0p2,100,0.00475,0.0015,0.0079999999999999,0.0001587092774739,0.0009522556648439,True,nnaa
custom_scm_noise0p2,200,0.001125,-0.0016249999999999,0.004,0.2826059648962956,1.0,False,nnaa
custom_scm_noise0p2,500,0.0010000000000001,-0.0012500000000001,0.00325,0.2430613537337148,0.9722454149348594,False,nnaa
