dataset,train_size,effect,ci_lower,ci_upper,p_value,p_holm,is_significant,metric
custom_scm_noise1e-2,20,0.3370183083027442,0.1998646259307861,0.5352699811041672,4.4702031274545934e-09,8.940406254909185e-09,True,ate_difference
custom_scm_noise1e-2,50,0.1184767430245559,0.0422792434692382,0.2164161205291748,0.0003400161651892,0.0006800323303784,True,ate_difference
custom_scm_noise1e-2,100,0.1036993833988746,0.0393427664816696,0.1774744987487792,0.0001411036813773,0.0004233110441321,True,ate_difference
custom_scm_noise1e-2,200,0.2011465971886794,0.1103753934740386,0.2939940636574905,3.1612240814388055e-08,1.5806120407194028e-07,True,ate_difference
custom_scm_noise1e-2,500,0.0781019980490524,0.0214000885903518,0.1357678120553176,0.0008316155520464,0.0033264622081857,True,ate_difference
custom_scm_noise1e-2,1000,0.0313538367331345,-0.026302586948935,0.0907506942749023,0.1555994829260015,0.6223979317040061,False,ate_difference
