dataset,train_size,effect,ci_lower,ci_upper,p_value,p_holm,is_significant,metric
custom_scm_noise1e-2,20,-0.0039374999999999,-0.0072499999999999,-0.00075,0.006331888951003,0.012663777902006,True,nnaa
custom_scm_noise1e-2,50,0.000625,-0.0025000000000001,0.00375,0.6623501055762251,0.6623501055762251,False,nnaa
custom_scm_noise1e-2,100,0.0001249999999999,-0.0031249999999999,0.003375,0.9301315274374008,0.9301315274374008,False,nnaa
custom_scm_noise1e-2,200,0.0009999999999999,-0.0017499999999999,0.0035,0.3985960931010889,1.0,False,nnaa
custom_scm_noise1e-2,500,0.0013750000000001,-0.000875,0.004,0.103877162137097,0.5193858106854852,False,nnaa
