dataset,train_size,effect,ci_lower,ci_upper,p_value,p_holm,is_significant,metric
custom_scm_noise1e-2,20,0.004,0.0007916666666665,0.0071666666666666,0.0038323451440732,0.0114970354322196,True,k_marginal_tvd
custom_scm_noise1e-2,50,0.0014999999999999,-0.0004999999999999,0.0036666666666666,0.0590731265329734,0.1673228793276725,False,k_marginal_tvd
custom_scm_noise1e-2,100,0.0011041666666666,-0.0011666666666666,0.0034166666666666,0.2362091981362328,0.4724183962724657,False,k_marginal_tvd
custom_scm_noise1e-2,200,0.0007916666666667,-0.0009166666666666,0.0024166666666666,0.2719613583986485,0.5439227167972971,False,k_marginal_tvd
custom_scm_noise1e-2,500,0.0013333333333333,-0.0009583333333333,0.0036249999999999,0.2157855954441691,0.2494545889048505,False,k_marginal_tvd
