dataset,train_size,effect,ci_lower,ci_upper,p_value,p_holm,is_significant,metric
custom_scm_noise0p2,20,-0.0015833333333333,-0.0052499999999999,0.00225,0.44733040697497,0.44733040697497,False,k_marginal_tvd
custom_scm_noise0p2,50,-0.0001666666666666,-0.0024583333333333,0.0021666666666667,0.8689120511690367,0.8689120511690367,False,k_marginal_tvd
custom_scm_noise0p2,100,-0.001,-0.0028749999999999,0.0008749999999999,0.2189933407838061,0.4379866815676123,False,k_marginal_tvd
custom_scm_noise0p2,200,-0.0006666666666666,-0.0022916666666666,0.0009583333333332,0.3426287662705697,0.3426287662705697,False,k_marginal_tvd
custom_scm_noise0p2,500,-0.0001666666666666,-0.0016666666666667,0.00125,0.8285061921851453,0.8285061921851453,False,k_marginal_tvd
