dataset,train_size,effect,ci_lower,ci_upper,p_value,p_holm,is_significant,metric
custom_scm_noise1e-2,20,0.01,0.00575,0.01475,2.1792503866000597e-07,1.0896251933000298e-06,True,nnaa
custom_scm_noise1e-2,50,0.0052499999999999,0.0016249999999999,0.0088749999999999,0.0003288972204395,0.0019733833226373,True,nnaa
custom_scm_noise1e-2,100,0.0023125,-0.00175,0.0066249999999999,0.1125518817879153,0.4701702977177116,False,nnaa
custom_scm_noise1e-2,200,0.0017499999999999,-0.0018749999999999,0.0052499999999999,0.1972599162887001,0.5917797488661003,False,nnaa
custom_scm_noise1e-2,500,0.001375,-0.002125,0.0049999999999999,0.302293312610799,1.0,False,nnaa
