dataset,train_size,effect,ci_lower,ci_upper,p_value,p_holm,is_significant,metric
custom_scm_noise1e-2,20,0.3456554102245113,0.2491663402490941,0.4475097014004169,7.343095847008848e-17,3.671547923504424e-16,True,correlation_matrix_difference
custom_scm_noise1e-2,50,0.1536866161596224,0.1016512000340126,0.1989683448222501,2.912818606597037e-14,1.1651274426388148e-13,True,correlation_matrix_difference
custom_scm_noise1e-2,100,0.1139628463627199,0.0783606797937227,0.1600952108679033,2.961730635123635e-13,1.407085326535213e-12,True,correlation_matrix_difference
custom_scm_noise1e-2,200,0.0820669987315529,0.0500039151119672,0.1192900828716835,2.7409459310412047e-10,1.096378372416482e-09,True,correlation_matrix_difference
custom_scm_noise1e-2,500,0.043656081989999,0.0258754184766078,0.0625002460310307,9.548258851052976e-09,3.894837933005339e-08,True,correlation_matrix_difference
