dataset,train_size,effect,ci_lower,ci_upper,p_value,p_holm,is_significant,metric
custom_scm_noise0p2,20,0.0647777417555865,0.0362311722899551,0.107899252539564,3.7371679994655254e-10,1.1211503998396578e-09,True,correlation_matrix_difference
custom_scm_noise0p2,50,0.0289001222782467,0.0112706442089884,0.0506373522320609,0.0001665719436749,0.0003331438873498,True,correlation_matrix_difference
custom_scm_noise0p2,100,0.0268370951664302,0.0109753922784664,0.0451119630145516,0.0001430772044916,0.0002861544089832,True,correlation_matrix_difference
custom_scm_noise0p2,200,0.0121827062008101,-0.0013590017122998,0.0277605690347736,0.0421485961806254,0.0842971923612508,False,correlation_matrix_difference
custom_scm_noise0p2,500,0.0092437895147247,-0.0030497470006205,0.0206531955997233,0.0920311845328354,0.1840623690656708,False,correlation_matrix_difference
