dataset,train_size,effect,ci_lower,ci_upper,p_value,p_holm,is_significant,metric
custom_scm_noise0p2,20,0.0036666666666665,0.0012916666666666,0.0063333333333333,0.0002768448298111,0.0008305344894335,True,k_marginal_tvd
custom_scm_noise0p2,50,0.0009583333333332,-0.000875,0.0028749999999999,0.2189936812276176,0.4379873624552353,False,k_marginal_tvd
custom_scm_noise0p2,100,0.0009166666666666,-0.0009583333333334,0.0028333333333333,0.3129002790186347,0.4379866815676123,False,k_marginal_tvd
custom_scm_noise0p2,200,0.0013958333333333,-8.333333333324089e-05,0.00275,0.0305616834857836,0.0611233669715672,False,k_marginal_tvd
custom_scm_noise0p2,500,0.001125,-0.0004166666666666,0.0026666666666666,0.1102403669616283,0.2204807339232566,False,k_marginal_tvd
