dataset,train_size,effect,ci_lower,ci_upper,p_value,p_holm,is_significant,metric
custom_scm_noise0p2,20,0.0042499999999999,0.0007499999999999,0.0077499999999999,0.0049406784328199,0.0148220352984598,True,nnaa
custom_scm_noise0p2,50,0.001125,-0.0019999999999998,0.0045,0.3382671749713946,0.5997676857484491,False,nnaa
custom_scm_noise0p2,100,0.003,-0.0005,0.0065000000000001,0.0283813697647615,0.1419068488238076,False,nnaa
custom_scm_noise0p2,200,-0.0001249999999999,-0.0039999999999999,0.0031250000000001,0.9397017191926486,1.0,False,nnaa
custom_scm_noise0p2,500,0.00075,-0.0026249999999999,0.004,0.5359745081650074,1.0,False,nnaa
