dataset,train_size,effect,ci_lower,ci_upper,p_value,p_holm,is_significant,metric
custom_scm_noise1e-2,20,0.0174166666666666,0.0110416666666666,0.0235833333333333,2.038204743774057e-09,8.152818975096231e-09,True,k_marginal_tvd
custom_scm_noise1e-2,50,0.0069583333333334,0.0039583333333333,0.0102499999999999,8.38410289924689e-08,3.353641159698756e-07,True,k_marginal_tvd
custom_scm_noise1e-2,100,0.0032083333333332,0.0002916666666666,0.0060833333333332,0.0058544219842768,0.0234176879371073,True,k_marginal_tvd
custom_scm_noise1e-2,200,0.0036666666666666,0.001375,0.0057916666666667,0.0001410507671173,0.0005642030684692,True,k_marginal_tvd
custom_scm_noise1e-2,500,0.0026666666666666,4.166666666670371e-05,0.0050416666666667,0.0150596845486261,0.0451790536458785,True,k_marginal_tvd
