dataset,train_size,effect,ci_lower,ci_upper,p_value,p_holm,is_significant,metric
custom_scm_noise1e-2,20,0.0095000000000001,0.005125,0.01425,2.016066979771366e-06,8.064267919085464e-06,True,nnaa
custom_scm_noise1e-2,50,0.004875,0.001125,0.00825,0.0009349456216653,0.0046747281083268,True,nnaa
custom_scm_noise1e-2,100,0.002125,-0.0015,0.0058749999999999,0.0985083550487669,0.4925417752438348,False,nnaa
custom_scm_noise1e-2,200,0.0022499999999999,-0.0006249999999999,0.0047499999999999,0.0486210580377516,0.2431052901887583,False,nnaa
custom_scm_noise1e-2,500,0.0011874999999999,-0.0012499999999999,0.0034999999999999,0.2039147747418791,0.8156590989675165,False,nnaa
