dataset,train_size,effect,ci_lower,ci_upper,p_value,p_holm,is_significant,metric
custom_scm_noise1e-2,20,-0.0039374999999999,-0.0072499999999999,-0.00075,0.006498866449241,0.012997732898482,True,nnaa
custom_scm_noise1e-2,50,0.0006874999999999,-0.0026249999999999,0.003875,0.6548783516796279,0.6548783516796279,False,nnaa
custom_scm_noise1e-2,100,0.0,-0.0036249999999999,0.0038749999999999,0.9794259861540174,0.9794259861540174,False,nnaa
custom_scm_noise1e-2,200,0.002,-0.0009999999999999,0.005,0.0971073299252722,0.388429319701089,False,nnaa
custom_scm_noise1e-2,500,0.0008749999999999,-0.0024999999999999,0.00425,0.520238279279688,1.0,False,nnaa
