dataset,train_size,effect,ci_lower,ci_upper,p_value,p_holm,is_significant,metric
custom_scm_noise1e-2,20,0.0554348582517254,0.0299412795655007,0.0944260449504115,8.983700483299091e-09,2.6951101449897272e-08,True,correlation_matrix_difference
custom_scm_noise1e-2,50,0.0205135923228607,0.0053407194932496,0.0419062520345284,0.0006726193132462,0.0020178579397388,True,correlation_matrix_difference
custom_scm_noise1e-2,100,0.0287607002176347,0.0122015340155256,0.0503528624465637,2.570606000949492e-05,7.711818002848476e-05,True,correlation_matrix_difference
custom_scm_noise1e-2,200,0.0105109940374184,-0.002900452881547,0.0265088214354526,0.0837236885573257,0.1674473771146515,False,correlation_matrix_difference
custom_scm_noise1e-2,500,0.0051907635699593,-0.0057743032538567,0.015448891901949,0.2637995846253631,0.2637995846253631,False,correlation_matrix_difference
