dataset,train_size,effect,ci_lower,ci_upper,p_value,p_holm,is_significant,metric
custom_scm_noise0p2,20,0.006125,0.00225,0.010125,0.0001029153568296,0.0005145767841482,True,nnaa
custom_scm_noise0p2,50,0.003625,0.000625,0.0066249999999999,0.0023160926839999,0.0092643707359999,True,nnaa
custom_scm_noise0p2,100,0.000375,-0.0018750000000001,0.0026249999999999,0.6736083012664059,1.0,False,nnaa
custom_scm_noise0p2,200,0.0009999999999999,-0.0011249999999999,0.0031249999999999,0.2026914137350673,1.0,False,nnaa
custom_scm_noise0p2,500,0.0009374999999999,-0.0009999999999999,0.002625,0.1596326522447324,0.9577959134683948,False,nnaa
