dataset,train_size,effect,ci_lower,ci_upper,p_value,p_holm,is_significant,metric
custom_scm_noise0p2,20,0.006125,0.00225,0.0101249999999999,0.00010362503144,0.0005181251572,True,nnaa
custom_scm_noise0p2,50,0.0036249999999999,0.000625,0.0065,0.0023557701577083,0.0094230806308332,True,nnaa
custom_scm_noise0p2,100,0.001,-0.00125,0.0033750000000001,0.2321381810804401,0.6964145432413205,False,nnaa
custom_scm_noise0p2,200,0.001625,-0.0005,0.0041249999999999,0.0472553577676791,0.1890214310707167,False,nnaa
custom_scm_noise0p2,500,0.001125,-0.0008749999999999,0.0031249999999999,0.1083202643070434,0.6499215858422605,False,nnaa
