dataset,train_size,effect,ci_lower,ci_upper,p_value,p_holm,is_significant,metric
custom_scm_noise0p2,20,0.2309685424822349,0.1573653892548197,0.2876381507233533,3.2570704571844113e-15,1.3028281828737644e-14,True,correlation_matrix_difference
custom_scm_noise0p2,50,0.1165975732620679,0.0861224500328476,0.1448805934415962,1.234309221920007e-15,6.1715461096000355e-15,True,correlation_matrix_difference
custom_scm_noise0p2,100,0.070954218538334,0.0468034039408798,0.0927238330280473,1.3685519873403148e-10,5.474207949361258e-10,True,correlation_matrix_difference
custom_scm_noise0p2,200,0.0527400305038899,0.0349201183030358,0.0714706496539451,7.93264392221801e-11,2.379793176665403e-10,True,correlation_matrix_difference
custom_scm_noise0p2,500,0.0317629448819663,0.0193181260016758,0.0428327088381578,4.1551355092141227e-08,2.0375436976405395e-07,True,correlation_matrix_difference
