dataset,train_size,effect,ci_lower,ci_upper,p_value,p_holm,is_significant,metric
custom_scm_noise0p2,20,0.006125,0.0021249999999999,0.0099999999999999,0.0001586683943646,0.0006346735774584,True,nnaa
custom_scm_noise0p2,50,0.00475,0.001375,0.007875,0.0003398025051408,0.0016990125257043,True,nnaa
custom_scm_noise0p2,100,0.0025,-0.0009999999999999,0.0062499999999999,0.0673628263792271,0.2694513055169086,False,nnaa
custom_scm_noise0p2,200,0.003375,0.00025,0.0065,0.0046580474210023,0.0279482845260141,True,nnaa
custom_scm_noise0p2,500,0.0009999999999999,-0.0021249999999999,0.004,0.4034171526494441,1.0,False,nnaa
