dataset,train_size,effect,ci_lower,ci_upper,p_value,p_holm,is_significant,metric
custom_scm_noise0p2,20,0.008375,0.0041666666666665,0.0124166666666666,1.4564395201181864e-06,5.825758080472746e-06,True,k_marginal_tvd
custom_scm_noise0p2,50,0.004875,0.0026249999999999,0.007125,8.344450354699823e-07,3.337780141879929e-06,True,k_marginal_tvd
custom_scm_noise0p2,100,0.0025,0.0008333333333333,0.0042499999999999,0.0004471756373435,0.0013415269120305,True,k_marginal_tvd
custom_scm_noise0p2,200,0.0019583333333333,0.0004166666666667,0.0035833333333332,0.0024802240437899,0.0074406721313697,True,k_marginal_tvd
custom_scm_noise0p2,500,0.0018749999999999,0.0004583333333333,0.0032499999999999,0.0021126504046079,0.0063379512138239,True,k_marginal_tvd
