dataset,train_size,effect,ci_lower,ci_upper,p_value,p_holm,is_significant,metric
custom_scm_noise0p2,20,0.0,0.0,0.00075,0.059201633737496,0.118403267474992,False,nnaa
custom_scm_noise0p2,50,0.0023750000000001,1.734723475976807e-18,0.00525,0.0197393392537203,0.0592180177611609,False,nnaa
custom_scm_noise0p2,100,0.00025,-0.0021249999999999,0.0025,0.7925153937427708,1.0,False,nnaa
custom_scm_noise0p2,200,0.000875,-0.0012499999999998,0.003,0.2522157151908019,1.0,False,nnaa
custom_scm_noise0p2,500,0.000875,-0.0009999999999999,0.0026249999999999,0.1647971422580472,0.9577959134683948,False,nnaa
