dataset,label,train_size,skeleton_recall_published,direction_recall_published,oriented_fraction_published,direction_precision_published,runs_published,runs_with_directed_published,skeleton_recall_new,direction_recall_new,oriented_fraction_new,direction_precision_new,runs_new,runs_with_directed_new,skeleton_recall_delta,skeleton_recall_published_2dp,skeleton_recall_new_2dp,skeleton_recall_changed_2dp,direction_recall_delta,direction_recall_published_2dp,direction_recall_new_2dp,direction_recall_changed_2dp,oriented_fraction_delta,oriented_fraction_published_2dp,oriented_fraction_new_2dp,oriented_fraction_changed_2dp,direction_precision_delta,direction_precision_published_2dp,direction_precision_new_2dp,direction_precision_changed_2dp
csuite_mixed_confounding,CMC,50,0.19,0.066,0.4168734491315136,0.6322404371584699,100,61,0.19,0.0653333333333333,0.4168734491315136,0.6267759562841531,100,61,0.0,0.19,0.19,False,-0.0006666666666667043,0.07,0.07,False,0.0,0.42,0.42,False,-0.005464480874316835,0.63,0.63,False
csuite_mixed_confounding,CMC,200,0.3379999999999999,0.0893333333333333,0.7156462585034014,0.2461135657011945,100,97,0.3379999999999999,0.09,0.7156462585034014,0.2478317787596138,100,97,0.0,0.34,0.34,False,0.0006666666666666904,0.09,0.09,False,0.0,0.72,0.72,False,0.0017182130584192934,0.25,0.25,False
csuite_mixed_confounding,CMC,500,0.3966666666666667,0.1146666666666666,0.8628731343283581,0.1911264846264846,100,100,0.3966666666666667,0.114,0.8628731343283581,0.1896979131979131,100,100,0.0,0.4,0.4,False,-0.0006666666666665932,0.11,0.11,False,0.0,0.86,0.86,False,-0.0014285714285715012,0.19,0.19,False
csuite_weak_arrows,CWA,50,0.2386666666666666,0.0133333333333333,0.10265486725663715,0.3621794871794871,100,26,0.2386666666666666,0.0126666666666666,0.10265486725663715,0.3429487179487179,100,26,0.0,0.24,0.24,False,-0.0006666666666666991,0.01,0.01,False,0.0,0.1,0.1,False,-0.019230769230769218,0.36,0.34,True
