dataset,train_size,effect,ci_lower,ci_upper,p_value,p_holm,is_significant,metric
custom_scm_noise0p2,20,0.01025,0.0051249999999999,0.0153749999999999,8.94794087187147e-07,5.368764523122882e-06,True,nnaa
custom_scm_noise0p2,50,0.00575,0.0027499999999999,0.0087499999999999,2.8730204001952184e-06,1.723812240117131e-05,True,nnaa
custom_scm_noise0p2,100,0.0058749999999999,0.00225,0.009375,4.1883413383963384e-05,0.0002513004803037,True,nnaa
custom_scm_noise0p2,200,0.003,-0.0002499999999999,0.006375,0.0152751751240814,0.0763758756204071,False,nnaa
custom_scm_noise0p2,500,0.0015,-0.00175,0.0046249999999999,0.1996570397557617,0.7986281590230471,False,nnaa
