algorithm,column_order,train_size,mean_corr_X0_X3_old,std_corr_X0_X3_old,mean_corr_X0_X2_old,std_corr_X0_X2_old,n_reps,mean_corr_X0_X3_new,std_corr_X0_X3_new,mean_corr_X0_X2_new,std_corr_X0_X2_new,mean_corr_X0_X3_delta,mean_corr_X0_X3_changed_3dp,std_corr_X0_X3_delta,std_corr_X0_X3_changed_3dp,mean_corr_X0_X2_delta,mean_corr_X0_X2_changed_3dp,std_corr_X0_X2_delta,std_corr_X0_X2_changed_3dp
cpdag_discovered,original,20,-0.14995784,0.20236763,-0.15064412,0.20114265,100,-0.1405120454664574,0.2115930432784961,-0.1411398161633406,0.210462640118003,0.009445794533542606,True,0.009225413278496103,True,0.0095043038366594,True,0.009319990118002996,True
cpdag_discovered,original,50,-0.024431353,0.14255987,-0.02614779,0.14284803,100,-0.0009835047787055,0.1782864077179096,-0.002221624054946,0.17987065467292,0.0234478482212945,True,0.035726537717909596,True,0.023926165945054,True,0.03702262467292,True
cpdag_discovered,original,100,-0.04262192,0.11324322,-0.043392215,0.113609456,100,-0.028518422099296,0.1403764184378179,-0.0289827282028272,0.1411169078785309,0.014103497900704,True,0.02713319843781789,True,0.014409486797172799,True,0.027507451878530903,True
cpdag_discovered,original,200,-0.028367503,0.10417319,-0.034969006,0.080617756,100,-0.0014976645167917,0.1518955892317807,-0.0046027515013702,0.1472615445639592,0.0268698384832083,True,0.047722399231780704,True,0.030366254498629796,True,0.06664378856395921,True
cpdag_discovered,original,500,-0.02801265,0.04282321,-0.028099764,0.042730954,100,-0.0132140030176378,0.0956754770426936,-0.0124714639561716,0.0998020346526936,0.0147986469823622,True,0.05285226704269359,True,0.015628300043828397,True,0.057071080652693604,True
