dataset,train_size,effect,ci_lower,ci_upper,p_value,p_holm,is_significant,metric
custom_scm_noise1e-2,20,0.01,0.00575,0.0148749999999999,2.1795638043545365e-07,1.0897819021772682e-06,True,nnaa
custom_scm_noise1e-2,50,0.005,0.001375,0.008625,0.0004004464066567,0.0024026784399406,True,nnaa
custom_scm_noise1e-2,100,0.0019999999999998,-0.0017499999999999,0.0054999999999999,0.1383583249343059,0.4925417752438348,False,nnaa
custom_scm_noise1e-2,200,0.0015,-0.0014999999999999,0.0045,0.1632418142144004,0.6529672568576017,False,nnaa
custom_scm_noise1e-2,500,0.001125,-0.001375,0.0036249999999999,0.2268142461289242,0.8156590989675165,False,nnaa
