dataset,train_size,effect,ci_lower,ci_upper,p_value,p_holm,is_significant,metric
custom_scm_noise0p2,20,0.0042499999999999,0.0007499999999999,0.0077499999999999,0.0049940849521438,0.0149822548564314,True,nnaa
custom_scm_noise0p2,50,0.001125,-0.001875,0.0045,0.3129006365678396,0.593397177669329,False,nnaa
custom_scm_noise0p2,100,0.0027499999999999,-0.0004999999999999,0.0058749999999999,0.0282590916458303,0.141295458229152,False,nnaa
custom_scm_noise0p2,200,-0.0007499999999999,-0.0036249999999999,0.002,0.4841120057323921,1.0,False,nnaa
custom_scm_noise0p2,500,0.0001250000000001,-0.0024999999999999,0.00275,0.8770362581742408,0.9941374556982218,False,nnaa
